{
  "Speed": [
    0,
    2.5,
    3,
    4,
    5,
    6,
    7,
    8,
    9,
    10,
    11,
    12,
    13,
    14,
    15,
    16,
    17,
    18,
    19,
    20,
    21,
    22,
    23,
    24,
    25,
    26,
    27,
    28,
    29,
    30,
    31,
    32,
    33,
    34,
    35,
    36,
    37,
    38,
    39,
    40,
    41,
    42,
    43,
    44,
    45,
    46,
    47,
    48,
    49,
    50,
    51,
    52,
    53,
    54,
    55,
    56,
    57,
    58,
    59,
    60,
    61,
    62,
    63,
    64,
    65,
    66,
    67,
    68,
    69,
    70,
    71,
    72,
    73,
    74,
    75
  ],
  "CMACTrac": [
    null,
    0.4846,
    0.4389,
    0.3474,
    0.2559,
    0.2342,
    0.2125,
    0.1909,
    0.1575,
    0.1475,
    0.1418,
    0.1361,
    0.1304,
    0.1247,
    0.119,
    0.1155,
    0.112,
    0.1085,
    0.105,
    0.1015,
    0.0993,
    0.097,
    0.0948,
    0.0925,
    0.0903,
    0.089,
    0.0878,
    0.0865,
    0.0853,
    0.084,
    0.0811,
    0.0782,
    0.0752,
    0.0723,
    0.0694,
    0.0684,
    0.0675,
    0.0665,
    0.0656,
    0.0646,
    0.0638,
    0.0631,
    0.0623,
    0.0616,
    0.0608,
    0.0597,
    0.0586,
    0.0575,
    0.0564,
    0.0553,
    0.0542,
    0.053,
    0.0519,
    0.0507,
    0.0496,
    0.0488,
    0.048,
    0.0473,
    0.0465,
    0.0457,
    0.0456,
    0.0455,
    0.0453,
    0.0452,
    0.0451,
    0.045,
    0.0449,
    0.0447,
    0.0446,
    0.0445,
    0.0446,
    0.0446,
    0.0447,
    0.0448,
    0.0449
  ],
  "NYSDOT_Estimate": [
    0.7118,
    0.4846,
    0.4389,
    0.3474,
    0.2559,
    0.233527143,
    0.215191429,
    0.186862857,
    0.160191429,
    0.146827143,
    0.1418,
    0.1361,
    0.1304,
    0.1247,
    0.119,
    0.11694717,
    0.111232143,
    0.107068134,
    0.103952377,
    0.101503043,
    0.099438458,
    0.097558786,
    0.095729987,
    0.093869876,
    0.091936109,
    0.089915945,
    0.087817615,
    0.085663158,
    0.083482574,
    0.081309162,
    0.079175904,
    0.077112791,
    0.075144942,
    0.073291435,
    0.071564725,
    0.069970562,
    0.06850831,
    0.067171587,
    0.065949139,
    0.064825881,
    0.063784046,
    0.06280436,
    0.06186721,
    0.060953755,
    0.060046926,
    0.059132294,
    0.058198775,
    0.057239147,
    0.056250368,
    0.05523368,
    0.054194505,
    0.053142134,
    0.052089216,
    0.051051064,
    0.050044813,
    0.049088439,
    0.048199698,
    0.047395009,
    0.046688338,
    0.046090145,
    0.045606436,
    0.045238017,
    0.044979992,
    0.044821615,
    0.044746565,
    0.044733749,
    0.04475872,
    0.044795832,
    0.04482124,
    0.04481685,
    0.044775378,
    0.044706606,
    0.044645021,
    0.04465894,
    0.044861304
  ]
}
