{
  "Speed": [
    0,
    2.5,
    3,
    4,
    5,
    6,
    7,
    8,
    9,
    10,
    11,
    12,
    13,
    14,
    15,
    16,
    17,
    18,
    19,
    20,
    21,
    22,
    23,
    24,
    25,
    26,
    27,
    28,
    29,
    30,
    31,
    32,
    33,
    34,
    35,
    36,
    37,
    38,
    39,
    40,
    41,
    42,
    43,
    44,
    45,
    46,
    47,
    48,
    49,
    50,
    51,
    52,
    53,
    54,
    55,
    56,
    57,
    58,
    59,
    60,
    61,
    62,
    63,
    64,
    65,
    66,
    67,
    68,
    69,
    70,
    71,
    72,
    73,
    74,
    75
  ],
  "CMACTrac": [
    null,
    7137.145,
    6468.053,
    5129.868,
    3791.683,
    3499.14,
    3206.596,
    2914.053,
    2621.509,
    2328.966,
    2253.795,
    2178.624,
    2103.454,
    2028.284,
    1953.113,
    1904.11,
    1855.107,
    1806.104,
    1757.1,
    1708.097,
    1679.973,
    1651.849,
    1623.725,
    1595.601,
    1567.476,
    1558.624,
    1549.771,
    1540.918,
    1532.066,
    1523.213,
    1481.136,
    1439.058,
    1396.98,
    1354.903,
    1312.825,
    1303.779,
    1294.732,
    1285.685,
    1276.639,
    1267.592,
    1260.296,
    1253.001,
    1245.705,
    1238.41,
    1231.114,
    1221.259,
    1211.405,
    1201.55,
    1191.695,
    1181.841,
    1172.139,
    1162.438,
    1152.737,
    1143.036,
    1133.334,
    1129.173,
    1125.012,
    1120.85,
    1116.689,
    1112.528,
    1124.496,
    1136.464,
    1148.432,
    1160.401,
    1172.369,
    1183.441,
    1194.514,
    1205.586,
    1216.658,
    1227.731,
    1216.658,
    1243.167,
    1274.038,
    1289.474,
    1304.91
  ],
  "NYSDOT_Estimate": [
    10482.592,
    7137.145,
    6468.053,
    5129.868,
    3791.683,
    3499.1398,
    3206.5963,
    2914.0528,
    2621.5093,
    2328.9658,
    2253.7948,
    2178.6244,
    2103.454,
    2028.2836,
    1953.1132,
    1930.694487,
    1841.930288,
    1780.330496,
    1737.237067,
    1706.036984,
    1681.814511,
    1661.04445,
    1641.32337,
    1621.135871,
    1599.653071,
    1576.560585,
    1551.913393,
    1526.015108,
    1499.319231,
    1472.350129,
    1445.641537,
    1419.690539,
    1394.92504,
    1371.682894,
    1350.200936,
    1330.612274,
    1312.950314,
    1297.158097,
    1283.101624,
    1270.585971,
    1259.373085,
    1249.200273,
    1239.798496,
    1230.909693,
    1222.302464,
    1213.785547,
    1205.218644,
    1196.520233,
    1187.67215,
    1178.720781,
    1169.774867,
    1160.999992,
    1152.609945,
    1144.855263,
    1138.009352,
    1132.352716,
    1128.155896,
    1125.661868,
    1125.068727,
    1126.513602,
    1130.058865,
    1135.681786,
    1143.268901,
    1152.616474,
    1163.438545,
    1175.384131,
    1188.065309,
    1201.097965,
    1214.157137,
    1227.048963,
    1239.801385,
    1252.775811,
    1266.802124,
    1283.339453,
    1304.665289
  ]
}
