{
  "Speed": [
    0,
    2.5,
    3,
    4,
    5,
    6,
    7,
    8,
    9,
    10,
    11,
    12,
    13,
    14,
    15,
    16,
    17,
    18,
    19,
    20,
    21,
    22,
    23,
    24,
    25,
    26,
    27,
    28,
    29,
    30,
    31,
    32,
    33,
    34,
    35,
    36,
    37,
    38,
    39,
    40,
    41,
    42,
    43,
    44,
    45,
    46,
    47,
    48,
    49,
    50,
    51,
    52,
    53,
    54,
    55,
    56,
    57,
    58,
    59,
    60,
    61,
    62,
    63,
    64,
    65,
    66,
    67,
    68,
    69,
    70,
    71,
    72,
    73,
    74,
    75
  ],
  "CMACTrac": [
    null,
    0.4599,
    0.4165,
    0.3296,
    0.2427,
    0.2222,
    0.2016,
    0.1811,
    0.1605,
    0.14,
    0.1346,
    0.1292,
    0.1237,
    0.1183,
    0.1129,
    0.1096,
    0.1063,
    0.1029,
    0.0996,
    0.0963,
    0.0942,
    0.0921,
    0.0899,
    0.0878,
    0.0857,
    0.0845,
    0.0833,
    0.0821,
    0.0809,
    0.0797,
    0.0769,
    0.0741,
    0.0714,
    0.0686,
    0.0658,
    0.0649,
    0.064,
    0.0631,
    0.0622,
    0.0613,
    0.0606,
    0.0599,
    0.0591,
    0.0584,
    0.0577,
    0.0567,
    0.0556,
    0.0546,
    0.0535,
    0.0525,
    0.0514,
    0.0503,
    0.0493,
    0.0482,
    0.0471,
    0.0463,
    0.0456,
    0.0448,
    0.0441,
    0.0433,
    0.0432,
    0.0434,
    0.0429,
    0.0428,
    0.0427,
    0.0426,
    0.0425,
    0.0424,
    0.0423,
    0.0422,
    0.0423,
    0.0423,
    0.0424,
    0.0425,
    0.0426
  ],
  "NYSDOT_Estimate": [
    0.6756,
    0.4599,
    0.4165,
    0.3296,
    0.2427,
    0.22218,
    0.20163,
    0.18108,
    0.16053,
    0.13998,
    0.1346,
    0.12917,
    0.12374,
    0.11831,
    0.11288,
    0.110972109,
    0.105537075,
    0.101581205,
    0.098624762,
    0.09630337,
    0.094348215,
    0.092568578,
    0.090836533,
    0.089073657,
    0.087239569,
    0.085322161,
    0.083329364,
    0.081282304,
    0.079209726,
    0.077143536,
    0.07511535,
    0.073153928,
    0.071283381,
    0.069522046,
    0.067881926,
    0.066368608,
    0.06498156,
    0.063714738,
    0.06255742,
    0.061495199,
    0.060511073,
    0.059586571,
    0.058702872,
    0.05784186,
    0.056987087,
    0.05612461,
    0.055243661,
    0.054337156,
    0.053401996,
    0.052439183,
    0.051453726,
    0.05045435,
    0.04945302,
    0.048464284,
    0.047504477,
    0.046590792,
    0.045740271,
    0.044968742,
    0.044289753,
    0.043713567,
    0.043246254,
    0.042888964,
    0.042637441,
    0.042481863,
    0.04240708,
    0.042393352,
    0.04241767,
    0.042455768,
    0.042484935,
    0.042487733,
    0.042456748,
    0.042400492,
    0.042350599,
    0.042370437,
    0.042565295
  ]
}
