{
  "Speed": [
    0,
    2.5,
    3,
    4,
    5,
    6,
    7,
    8,
    9,
    10,
    11,
    12,
    13,
    14,
    15,
    16,
    17,
    18,
    19,
    20,
    21,
    22,
    23,
    24,
    25,
    26,
    27,
    28,
    29,
    30,
    31,
    32,
    33,
    34,
    35,
    36,
    37,
    38,
    39,
    40,
    41,
    42,
    43,
    44,
    45,
    46,
    47,
    48,
    49,
    50,
    51,
    52,
    53,
    54,
    55,
    56,
    57,
    58,
    59,
    60,
    61,
    62,
    63,
    64,
    65,
    66,
    67,
    68,
    69,
    70,
    71,
    72,
    73,
    74,
    75
  ],
  "CMACTrac": [
    null,
    30.39,
    23.92,
    21.397,
    15.401,
    14.135,
    12.868,
    11.602,
    10.335,
    9.069,
    8.727,
    8.385,
    8.043,
    7.701,
    7.359,
    7.156,
    6.954,
    6.751,
    6.549,
    6.346,
    6.22,
    6.094,
    5.967,
    5.841,
    5.715,
    5.669,
    5.623,
    5.577,
    5.531,
    5.485,
    5.343,
    5.2,
    5.058,
    4.916,
    4.774,
    4.733,
    4.692,
    4.651,
    4.61,
    4.569,
    4.536,
    4.503,
    4.47,
    4.438,
    4.405,
    4.369,
    4.333,
    4.297,
    4.25,
    4.224,
    4.192,
    4.159,
    4.127,
    4.094,
    4.062,
    4.042,
    4.023,
    4.003,
    3.984,
    3.964,
    4.01,
    4.055,
    4.101,
    4.147,
    4.192,
    4.235,
    4.277,
    4.319,
    4.361,
    4.404,
    4.361,
    4.459,
    4.57,
    4.626,
    4.681
  ],
  "NYSDOT_Estimate": [
    35,
    30.39,
    23.92,
    21.397,
    15.401,
    14.1348,
    12.8683,
    11.6018,
    10.3353,
    9.0688,
    8.727,
    8.385,
    8.043,
    7.701,
    7.359,
    7.240157071,
    6.913232705,
    6.670229479,
    6.486035428,
    6.341343676,
    6.221674853,
    6.116514096,
    6.018554189,
    5.923036708,
    5.827183295,
    5.729709544,
    5.630414208,
    5.529836796,
    5.428976891,
    5.32906882,
    5.231405622,
    5.137206539,
    5.04752256,
    4.963174848,
    4.884721172,
    4.812445763,
    4.746368325,
    4.686268194,
    4.631719992,
    4.582137349,
    4.53682164,
    4.49501291,
    4.455940513,
    4.418871254,
    4.383153141,
    4.348253127,
    4.313787559,
    4.279544302,
    4.245495835,
    4.211802907,
    4.178808635,
    4.14702321,
    4.117099715,
    4.089801804,
    4.065964326,
    4.046448267,
    4.032091668,
    4.023658487,
    4.02178767,
    4.026944987,
    4.039380486,
    4.059094727,
    4.085817243,
    4.119000969,
    4.157836707,
    4.20129194,
    4.248178664,
    4.297255158,
    4.347366938,
    4.397632419,
    4.447679124,
    4.497936565,
    4.549992215,
    4.607017305,
    4.674269458
  ]
}
