{
  "Speed": [
    0,
    2.5,
    3,
    4,
    5,
    6,
    7,
    8,
    9,
    10,
    11,
    12,
    13,
    14,
    15,
    16,
    17,
    18,
    19,
    20,
    21,
    22,
    23,
    24,
    25,
    26,
    27,
    28,
    29,
    30,
    31,
    32,
    33,
    34,
    35,
    36,
    37,
    38,
    39,
    40,
    41,
    42,
    43,
    44,
    45,
    46,
    47,
    48,
    49,
    50,
    51,
    52,
    53,
    54,
    55,
    56,
    57,
    58,
    59,
    60,
    61,
    62,
    63,
    64,
    65,
    66,
    67,
    68,
    69,
    70,
    71,
    72,
    73,
    74,
    75
  ],
  "CMACTrac": [
    null,
    3.605,
    3.276,
    2.619,
    1.962,
    1.781,
    1.6,
    1.419,
    1.238,
    1.056,
    0.996,
    0.935,
    0.875,
    0.814,
    0.754,
    0.722,
    0.691,
    0.659,
    0.628,
    0.596,
    0.577,
    0.558,
    0.539,
    0.52,
    0.5,
    0.489,
    0.477,
    0.465,
    0.453,
    0.441,
    0.462,
    0.424,
    0.415,
    0.406,
    0.397,
    0.391,
    0.385,
    0.379,
    0.373,
    0.366,
    0.362,
    0.357,
    0.352,
    0.347,
    0.342,
    0.338,
    0.334,
    0.33,
    0.326,
    0.322,
    0.319,
    0.316,
    0.312,
    0.309,
    0.306,
    0.302,
    0.299,
    0.296,
    0.292,
    0.289,
    0.286,
    0.283,
    0.28,
    0.278,
    0.275,
    0.273,
    0.27,
    0.268,
    0.266,
    0.263,
    0.266,
    0.262,
    0.259,
    0.257,
    0.256
  ],
  "NYSDOT_Estimate": [
    5.263,
    3.605,
    3.276,
    2.619,
    1.962,
    1.7812,
    1.6,
    1.4188,
    1.2376,
    1.0564,
    0.9958,
    0.9353,
    0.8748,
    0.8143,
    0.7538,
    0.724962208,
    0.688523694,
    0.655865523,
    0.62664022,
    0.600501781,
    0.577113269,
    0.556152846,
    0.537318386,
    0.520330834,
    0.50493644,
    0.490908018,
    0.478045354,
    0.466174884,
    0.45514877,
    0.444843466,
    0.435157892,
    0.426011302,
    0.417340946,
    0.409099588,
    0.401252981,
    0.393777344,
    0.386656915,
    0.379881636,
    0.373444999,
    0.367342124,
    0.361568076,
    0.356116451,
    0.350978277,
    0.346141198,
    0.341588994,
    0.337301395,
    0.333254216,
    0.329419772,
    0.325767564,
    0.322265204,
    0.31887955,
    0.315577994,
    0.31232987,
    0.309107916,
    0.305889727,
    0.302659134,
    0.299407431,
    0.296134361,
    0.292848776,
    0.289568867,
    0.286321873,
    0.283143137,
    0.280074409,
    0.277161264,
    0.274449494,
    0.271980355,
    0.269784502,
    0.26787447,
    0.266235548,
    0.264814856,
    0.26350848,
    0.262146461,
    0.260475468,
    0.258138945,
    0.254654546
  ]
}
