{
  "Speed": [
    0,
    2.5,
    3,
    4,
    5,
    6,
    7,
    8,
    9,
    10,
    11,
    12,
    13,
    14,
    15,
    16,
    17,
    18,
    19,
    20,
    21,
    22,
    23,
    24,
    25,
    26,
    27,
    28,
    29,
    30,
    31,
    32,
    33,
    34,
    35,
    36,
    37,
    38,
    39,
    40,
    41,
    42,
    43,
    44,
    45,
    46,
    47,
    48,
    49,
    50,
    51,
    52,
    53,
    54,
    55,
    56,
    57,
    58,
    59,
    60,
    61,
    62,
    63,
    64,
    65,
    66,
    67,
    68,
    69,
    70,
    71,
    72,
    73,
    74,
    75
  ],
  "CMACTrac": [
    null,
    11.041,
    10.092,
    8.193,
    6.294,
    5.768,
    5.241,
    4.714,
    4.187,
    3.66,
    3.495,
    3.329,
    3.164,
    2.999,
    2.834,
    2.744,
    2.654,
    2.563,
    2.473,
    2.383,
    2.326,
    2.268,
    2.211,
    2.154,
    2.097,
    2.062,
    2.028,
    1.993,
    1.958,
    1.923,
    1.884,
    1.844,
    1.805,
    1.765,
    1.726,
    1.706,
    1.686,
    1.666,
    1.646,
    1.626,
    1.611,
    1.595,
    1.579,
    1.563,
    1.548,
    1.532,
    1.517,
    1.502,
    1.486,
    1.471,
    1.457,
    1.444,
    1.43,
    1.416,
    1.403,
    1.39,
    1.377,
    1.364,
    1.352,
    1.339,
    1.332,
    1.324,
    1.317,
    1.31,
    1.303,
    1.301,
    1.299,
    1.297,
    1.295,
    1.293,
    1.295,
    1.3,
    1.312,
    1.318,
    1.324
  ],
  "NYSDOT_Estimate": [
    15.773,
    11.041,
    10.092,
    8.193,
    6.294,
    5.768,
    5.241,
    4.714,
    4.187,
    3.66,
    3.4946,
    3.3294,
    3.1642,
    2.999,
    2.8338,
    2.757288605,
    2.644654732,
    2.548671398,
    2.465671985,
    2.392727263,
    2.32753217,
    2.268304805,
    2.213696793,
    2.162714233,
    2.114648444,
    2.069015777,
    2.025505749,
    1.983936839,
    1.944219239,
    1.90632396,
    1.870257649,
    1.836042548,
    1.803701032,
    1.773244188,
    1.744663937,
    1.717928215,
    1.692978767,
    1.669731114,
    1.648076319,
    1.627884151,
    1.609007337,
    1.591286542,
    1.574555829,
    1.558648303,
    1.543401716,
    1.528663823,
    1.514297292,
    1.500184035,
    1.486228804,
    1.472361964,
    1.458541367,
    1.444753267,
    1.431012265,
    1.41736028,
    1.403864577,
    1.390614921,
    1.377719921,
    1.365302696,
    1.35349599,
    1.342436903,
    1.332261426,
    1.323099012,
    1.315067409,
    1.308268048,
    1.302782264,
    1.298668697,
    1.295962209,
    1.294674703,
    1.294798257,
    1.296310993,
    1.299186153,
    1.303404859,
    1.308973084,
    1.315943357,
    1.324441783
  ]
}
