{
  "Speed": [
    0,
    2.5,
    3,
    4,
    5,
    6,
    7,
    8,
    9,
    10,
    11,
    12,
    13,
    14,
    15,
    16,
    17,
    18,
    19,
    20,
    21,
    22,
    23,
    24,
    25,
    26,
    27,
    28,
    29,
    30,
    31,
    32,
    33,
    34,
    35,
    36,
    37,
    38,
    39,
    40,
    41,
    42,
    43,
    44,
    45,
    46,
    47,
    48,
    49,
    50,
    51,
    52,
    53,
    54,
    55,
    56,
    57,
    58,
    59,
    60,
    61,
    62,
    63,
    64,
    65,
    66,
    67,
    68,
    69,
    70,
    71,
    72,
    73,
    74,
    75
  ],
  "CMACTrac": [
    null,
    0.481,
    0.452,
    0.394,
    0.336,
    0.321,
    0.305,
    0.29,
    0.275,
    0.259,
    0.253,
    0.246,
    0.239,
    0.233,
    0.226,
    0.222,
    0.219,
    0.215,
    0.212,
    0.208,
    0.206,
    0.205,
    0.204,
    0.202,
    0.2,
    0.199,
    0.198,
    0.196,
    0.195,
    0.193,
    0.194,
    0.195,
    0.196,
    0.196,
    0.197,
    0.198,
    0.199,
    0.2,
    0.2,
    0.201,
    0.202,
    0.203,
    0.203,
    0.204,
    0.205,
    0.205,
    0.206,
    0.206,
    0.207,
    0.207,
    0.207,
    0.208,
    0.208,
    0.208,
    0.209,
    0.209,
    0.21,
    0.211,
    0.211,
    0.212,
    0.214,
    0.216,
    0.218,
    0.22,
    0.222,
    0.226,
    0.23,
    0.234,
    0.238,
    0.242,
    0.247,
    0.253,
    0.259,
    0.264,
    0.27
  ],
  "NYSDOT_Estimate": [
    0.576985915,
    0.480999982,
    0.451999963,
    0.393999883,
    0.335999715,
    0.3208,
    0.3054,
    0.29,
    0.2746,
    0.2592,
    0.2528,
    0.2461,
    0.2394,
    0.2327,
    0.226,
    0.224197972,
    0.219364365,
    0.21512781,
    0.211443967,
    0.208270154,
    0.205565341,
    0.203290153,
    0.201406871,
    0.19987943,
    0.198673421,
    0.197756088,
    0.197096332,
    0.196664706,
    0.19643342,
    0.196376338,
    0.19646898,
    0.196688518,
    0.197013782,
    0.197425255,
    0.197905075,
    0.198437035,
    0.199006583,
    0.199600822,
    0.200208509,
    0.200820057,
    0.201427531,
    0.202024656,
    0.202606806,
    0.203171013,
    0.203715965,
    0.204242001,
    0.204751118,
    0.205246967,
    0.205734853,
    0.206221736,
    0.206716232,
    0.207228611,
    0.207770797,
    0.20835637,
    0.209000565,
    0.20972027,
    0.210534029,
    0.211462043,
    0.212526163,
    0.213749899,
    0.215158414,
    0.216778526,
    0.218638707,
    0.220769086,
    0.223201445,
    0.225969221,
    0.229107507,
    0.232653049,
    0.236644249,
    0.241121164,
    0.246125505,
    0.251700637,
    0.257891583,
    0.264745018,
    0.272309273
  ]
}
