{
  "Speed": [
    0,
    2.5,
    3,
    4,
    5,
    6,
    7,
    8,
    9,
    10,
    11,
    12,
    13,
    14,
    15,
    16,
    17,
    18,
    19,
    20,
    21,
    22,
    23,
    24,
    25,
    26,
    27,
    28,
    29,
    30,
    31,
    32,
    33,
    34,
    35,
    36,
    37,
    38,
    39,
    40,
    41,
    42,
    43,
    44,
    45,
    46,
    47,
    48,
    49,
    50,
    51,
    52,
    53,
    54,
    55,
    56,
    57,
    58,
    59,
    60,
    61,
    62,
    63,
    64,
    65,
    66,
    67,
    68,
    69,
    70,
    71,
    72,
    73,
    74,
    75
  ],
  "CMACTrac": [
    null,
    0.511,
    0.465,
    0.373,
    0.281,
    0.258,
    0.235,
    0.212,
    0.189,
    0.166,
    0.158,
    0.151,
    0.143,
    0.136,
    0.128,
    0.124,
    0.119,
    0.115,
    0.111,
    0.106,
    0.103,
    0.101,
    0.098,
    0.095,
    0.092,
    0.091,
    0.089,
    0.087,
    0.086,
    0.084,
    0.083,
    0.082,
    0.081,
    0.08,
    0.079,
    0.078,
    0.077,
    0.077,
    0.076,
    0.075,
    0.075,
    0.074,
    0.074,
    0.073,
    0.072,
    0.072,
    0.071,
    0.071,
    0.07,
    0.07,
    0.069,
    0.069,
    0.069,
    0.068,
    0.068,
    0.067,
    0.067,
    0.067,
    0.067,
    0.066,
    0.067,
    0.067,
    0.067,
    0.067,
    0.067,
    0.068,
    0.069,
    0.07,
    0.071,
    0.072,
    0.074,
    0.075,
    0.077,
    0.079,
    0.08
  ],
  "NYSDOT_Estimate": [
    0.663253521,
    0.510999996,
    0.464999991,
    0.372999969,
    0.280999921,
    0.258,
    0.235,
    0.212,
    0.189,
    0.166,
    0.1582,
    0.1507,
    0.1432,
    0.1357,
    0.1282,
    0.123579867,
    0.118892361,
    0.11457962,
    0.110618041,
    0.106984811,
    0.10365791,
    0.100616112,
    0.09783898,
    0.09530687,
    0.093000932,
    0.090903104,
    0.08899612,
    0.087263505,
    0.085689574,
    0.084259436,
    0.082958992,
    0.081774934,
    0.080694746,
    0.079706707,
    0.078799883,
    0.077964136,
    0.077190119,
    0.076469276,
    0.075793845,
    0.075156853,
    0.074552122,
    0.073974264,
    0.073418685,
    0.072881582,
    0.072359943,
    0.07185155,
    0.071354975,
    0.070869584,
    0.070395534,
    0.069933774,
    0.069486044,
    0.069054879,
    0.068643604,
    0.068256335,
    0.067897982,
    0.067574246,
    0.067291621,
    0.067057393,
    0.066879638,
    0.066767225,
    0.066729818,
    0.066777868,
    0.066922622,
    0.067176116,
    0.067551182,
    0.06806144,
    0.068721304,
    0.069545979,
    0.070551464,
    0.071754549,
    0.073172814,
    0.074824634,
    0.076729175,
    0.078906394,
    0.081377042
  ]
}
