{
  "Speed": [
    0,
    2.5,
    3,
    4,
    5,
    6,
    7,
    8,
    9,
    10,
    11,
    12,
    13,
    14,
    15,
    16,
    17,
    18,
    19,
    20,
    21,
    22,
    23,
    24,
    25,
    26,
    27,
    28,
    29,
    30,
    31,
    32,
    33,
    34,
    35,
    36,
    37,
    38,
    39,
    40,
    41,
    42,
    43,
    44,
    45,
    46,
    47,
    48,
    49,
    50,
    51,
    52,
    53,
    54,
    55,
    56,
    57,
    58,
    59,
    60,
    61,
    62,
    63,
    64,
    65,
    66,
    67,
    68,
    69,
    70,
    71,
    72,
    73,
    74,
    75
  ],
  "CMACTrac": [
    null,
    9.2,
    8.46,
    6.98,
    5.5,
    5.129,
    4.757,
    4.386,
    4.014,
    3.643,
    3.522,
    3.402,
    3.281,
    3.16,
    3.04,
    2.964,
    2.889,
    2.814,
    2.738,
    2.663,
    2.59,
    2.517,
    2.444,
    2.371,
    2.297,
    2.281,
    2.265,
    2.248,
    2.232,
    2.216,
    2.211,
    2.206,
    2.2,
    2.195,
    2.19,
    2.186,
    2.182,
    2.178,
    2.174,
    2.17,
    2.167,
    2.164,
    2.161,
    2.158,
    2.155,
    2.147,
    2.139,
    2.13,
    2.122,
    2.114,
    2.103,
    2.092,
    2.081,
    2.07,
    2.059,
    2.057,
    2.055,
    2.053,
    2.051,
    2.048,
    2.06,
    2.072,
    2.084,
    2.095,
    2.107,
    2.155,
    2.203,
    2.251,
    2.298,
    2.346,
    2.465,
    2.584,
    2.702,
    2.821,
    2.94
  ],
  "NYSDOT_Estimate": [
    11.6493,
    9.19889375,
    8.457387,
    6.970484,
    5.500142856,
    5.128685713,
    4.75722857,
    4.385771427,
    4.014314284,
    3.642857141,
    3.522276195,
    3.401647624,
    3.281019053,
    3.160390482,
    3.039761911,
    3.028766401,
    2.907067678,
    2.79896414,
    2.703422064,
    2.619446047,
    2.546078998,
    2.482402143,
    2.427535025,
    2.380635501,
    2.340899746,
    2.307562248,
    2.279895812,
    2.257211561,
    2.23885893,
    2.224225671,
    2.212737855,
    2.203859863,
    2.197094397,
    2.191982473,
    2.188103421,
    2.185074889,
    2.18255284,
    2.180231553,
    2.177843623,
    2.17515996,
    2.17198979,
    2.168180656,
    2.163618415,
    2.15822724,
    2.151969622,
    2.144846366,
    2.136896591,
    2.128197736,
    2.118865552,
    2.109054109,
    2.09895579,
    2.088801295,
    2.078859639,
    2.069438155,
    2.06088249,
    2.053576606,
    2.047942783,
    2.044441615,
    2.043572012,
    2.045871202,
    2.051914725,
    2.062316441,
    2.077728521,
    2.098841456,
    2.126384051,
    2.161123427,
    2.203865021,
    2.255452584,
    2.316768186,
    2.388732211,
    2.472303358,
    2.568478644,
    2.678293399,
    2.802821271,
    2.943174223
  ]
}
